Expanded Results,,,,,,,,,,,,,,,,,,,,
Wind Load - 0,,,,,,,,,,,,,,,,,,,,
Name_Enc_Out,At,Af,Ac,Acsup,As,Indice_Cheios,cf0f,cf0c,cf0csup,cfs0,cfs,c0_Vento_For,CsCd,Pressao_troco_medio,FmW,FTW,L_lin_equiv,Ka,FmW_lin,FTW_lin
Shaft 4,5.933,0.0,1.485,0.0,1.485,0.25,2.382,1.408,1.086,1.0,1.408,1.0,1.001,1003.2,938.0,2330.6,0.08,0.8,206.7,513.7
Shaft 3,6.833,0.0,1.515,0.0,1.515,0.222,2.471,1.447,1.084,1.0,1.447,1.0,1.001,922.9,904.3,2149.0,0.08,0.8,190.2,451.9
Shaft 2,8.633,0.0,1.587,0.0,1.587,0.184,2.597,1.505,1.083,2.0,1.505,1.0,1.001,806.4,861.1,1979.7,0.08,0.8,166.2,382.1
Shaft 1,10.586,0.0,1.968,0.0,1.968,0.186,2.589,1.501,1.083,2.0,1.501,1.0,1.001,578.5,764.4,1722.0,0.08,0.8,119.2,268.6
Wind Load - 15,,,,,,,,,,,,,,,,,,,,
Name_Enc_Out,At,Af,Ac,Acsup,As,Indice_Cheios,cf0f,cf0c,cf0csup,cfs0,cfs,c0_Vento_For,CsCd,Pressao_troco_medio,FmW,FTW,L_lin_equiv,Ka,FmW_lin,FTW_lin
Shaft 4,5.933,0.0,1.485,0.0,1.485,0.25,2.382,1.408,1.086,1.0,1.408,1.0,1.001,1003.2,938.0,2330.6,0.08,0.8,206.7,513.7
Shaft 3,6.833,0.0,1.515,0.0,1.515,0.222,2.471,1.447,1.084,1.0,1.447,1.0,1.001,922.9,904.3,2149.0,0.08,0.8,190.2,451.9
Shaft 2,8.633,0.0,1.587,0.0,1.587,0.184,2.597,1.505,1.083,2.0,1.505,1.0,1.001,806.4,861.1,1979.7,0.08,0.8,166.2,382.1
Shaft 1,10.586,0.0,1.968,0.0,1.968,0.186,2.589,1.501,1.083,2.0,1.501,1.0,1.001,578.5,764.4,1722.0,0.08,0.8,119.2,268.6
Wind Load - 30,,,,,,,,,,,,,,,,,,,,
Name_Enc_Out,At,Af,Ac,Acsup,As,Indice_Cheios,cf0f,cf0c,cf0csup,cfs0,cfs,c0_Vento_For,CsCd,Pressao_troco_medio,FmW,FTW,L_lin_equiv,Ka,FmW_lin,FTW_lin
Shaft 4,5.933,0.0,1.485,0.0,1.485,0.25,2.382,1.408,1.086,1.0,1.408,1.0,1.001,1003.2,938.0,2330.6,0.08,0.8,206.7,513.7
Shaft 3,6.833,0.0,1.515,0.0,1.515,0.222,2.471,1.447,1.084,1.0,1.447,1.0,1.001,922.9,904.3,2149.0,0.08,0.8,190.2,451.9
Shaft 2,8.633,0.0,1.587,0.0,1.587,0.184,2.597,1.505,1.083,2.0,1.505,1.0,1.001,806.4,861.1,1979.7,0.08,0.8,166.2,382.1
Shaft 1,10.586,0.0,1.968,0.0,1.968,0.186,2.589,1.501,1.083,2.0,1.501,1.0,1.001,578.5,764.4,1722.0,0.08,0.8,119.2,268.6
Wind Load - 45,,,,,,,,,,,,,,,,,,,,
Name_Enc_Out,At,Af,Ac,Acsup,As,Indice_Cheios,cf0f,cf0c,cf0csup,cfs0,cfs,c0_Vento_For,CsCd,Pressao_troco_medio,FmW,FTW,L_lin_equiv,Ka,FmW_lin,FTW_lin
Shaft 4,5.933,0.0,1.485,0.0,1.485,0.25,2.382,1.408,1.086,1.0,1.408,1.0,1.001,1003.2,938.0,2330.6,0.08,0.8,206.7,513.7
Shaft 3,6.833,0.0,1.515,0.0,1.515,0.222,2.471,1.447,1.084,1.0,1.447,1.0,1.001,922.9,904.3,2149.0,0.08,0.8,190.2,451.9
Shaft 2,8.633,0.0,1.587,0.0,1.587,0.184,2.597,1.505,1.083,2.0,1.505,1.0,1.001,806.4,861.1,1979.7,0.08,0.8,166.2,382.1
Shaft 1,10.586,0.0,1.968,0.0,1.968,0.186,2.589,1.501,1.083,2.0,1.501,1.0,1.001,578.5,764.4,1722.0,0.08,0.8,119.2,268.6
Wind Load - 60,,,,,,,,,,,,,,,,,,,,
Name_Enc_Out,At,Af,Ac,Acsup,As,Indice_Cheios,cf0f,cf0c,cf0csup,cfs0,cfs,c0_Vento_For,CsCd,Pressao_troco_medio,FmW,FTW,L_lin_equiv,Ka,FmW_lin,FTW_lin
Shaft 4,5.933,0.0,1.485,0.0,1.485,0.25,2.382,1.408,1.086,1.0,1.408,1.0,1.001,1003.2,938.0,2330.6,0.08,0.8,206.7,513.7
Shaft 3,6.833,0.0,1.515,0.0,1.515,0.222,2.471,1.447,1.084,1.0,1.447,1.0,1.001,922.9,904.3,2149.0,0.08,0.8,190.2,451.9
Shaft 2,8.633,0.0,1.587,0.0,1.587,0.184,2.597,1.505,1.083,2.0,1.505,1.0,1.001,806.4,861.1,1979.7,0.08,0.8,166.2,382.1
Shaft 1,10.586,0.0,1.968,0.0,1.968,0.186,2.589,1.501,1.083,2.0,1.501,1.0,1.001,578.5,764.4,1722.0,0.08,0.8,119.2,268.6
Wind Load - 75,,,,,,,,,,,,,,,,,,,,
Name_Enc_Out,At,Af,Ac,Acsup,As,Indice_Cheios,cf0f,cf0c,cf0csup,cfs0,cfs,c0_Vento_For,CsCd,Pressao_troco_medio,FmW,FTW,L_lin_equiv,Ka,FmW_lin,FTW_lin
Shaft 4,5.933,0.0,1.485,0.0,1.485,0.25,2.382,1.408,1.086,1.0,1.408,1.0,1.001,1003.2,938.0,2330.6,0.08,0.8,206.7,513.7
Shaft 3,6.833,0.0,1.515,0.0,1.515,0.222,2.471,1.447,1.084,1.0,1.447,1.0,1.001,922.9,904.3,2149.0,0.08,0.8,190.2,451.9
Shaft 2,8.633,0.0,1.587,0.0,1.587,0.184,2.597,1.505,1.083,2.0,1.505,1.0,1.001,806.4,861.1,1979.7,0.08,0.8,166.2,382.1
Shaft 1,10.586,0.0,1.968,0.0,1.968,0.186,2.589,1.501,1.083,2.0,1.501,1.0,1.001,578.5,764.4,1722.0,0.08,0.8,119.2,268.6
Wind Load - 90,,,,,,,,,,,,,,,,,,,,
Name_Enc_Out,At,Af,Ac,Acsup,As,Indice_Cheios,cf0f,cf0c,cf0csup,cfs0,cfs,c0_Vento_For,CsCd,Pressao_troco_medio,FmW,FTW,L_lin_equiv,Ka,FmW_lin,FTW_lin
Shaft 4,5.933,0.0,1.485,0.0,1.485,0.25,2.382,1.408,1.086,1.0,1.408,1.0,1.001,1003.2,938.0,2330.6,0.08,0.8,206.7,513.7
Shaft 3,6.833,0.0,1.515,0.0,1.515,0.222,2.471,1.447,1.084,1.0,1.447,1.0,1.001,922.9,904.3,2149.0,0.08,0.8,190.2,451.9
Shaft 2,8.633,0.0,1.587,0.0,1.587,0.184,2.597,1.505,1.083,2.0,1.505,1.0,1.001,806.4,861.1,1979.7,0.08,0.8,166.2,382.1
Shaft 1,10.586,0.0,1.968,0.0,1.968,0.186,2.589,1.501,1.083,2.0,1.501,1.0,1.001,578.5,764.4,1722.0,0.08,0.8,119.2,268.6
Wind Load - 105,,,,,,,,,,,,,,,,,,,,
Name_Enc_Out,At,Af,Ac,Acsup,As,Indice_Cheios,cf0f,cf0c,cf0csup,cfs0,cfs,c0_Vento_For,CsCd,Pressao_troco_medio,FmW,FTW,L_lin_equiv,Ka,FmW_lin,FTW_lin
Shaft 4,5.933,0.0,1.485,0.0,1.485,0.25,2.382,1.408,1.086,1.0,1.408,1.0,1.001,1003.2,938.0,2330.6,0.08,0.8,206.7,513.7
Shaft 3,6.833,0.0,1.515,0.0,1.515,0.222,2.471,1.447,1.084,1.0,1.447,1.0,1.001,922.9,904.3,2149.0,0.08,0.8,190.2,451.9
Shaft 2,8.633,0.0,1.587,0.0,1.587,0.184,2.597,1.505,1.083,2.0,1.505,1.0,1.001,806.4,861.1,1979.7,0.08,0.8,166.2,382.1
Shaft 1,10.586,0.0,1.968,0.0,1.968,0.186,2.589,1.501,1.083,2.0,1.501,1.0,1.001,578.5,764.4,1722.0,0.08,0.8,119.2,268.6
Wind Load - 120,,,,,,,,,,,,,,,,,,,,
Name_Enc_Out,At,Af,Ac,Acsup,As,Indice_Cheios,cf0f,cf0c,cf0csup,cfs0,cfs,c0_Vento_For,CsCd,Pressao_troco_medio,FmW,FTW,L_lin_equiv,Ka,FmW_lin,FTW_lin
Shaft 4,5.933,0.0,1.485,0.0,1.485,0.25,2.382,1.408,1.086,1.0,1.408,1.0,1.001,1003.2,938.0,2330.6,0.08,0.8,206.7,513.7
Shaft 3,6.833,0.0,1.515,0.0,1.515,0.222,2.471,1.447,1.084,1.0,1.447,1.0,1.001,922.9,904.3,2149.0,0.08,0.8,190.2,451.9
Shaft 2,8.633,0.0,1.587,0.0,1.587,0.184,2.597,1.505,1.083,2.0,1.505,1.0,1.001,806.4,861.1,1979.7,0.08,0.8,166.2,382.1
Shaft 1,10.586,0.0,1.968,0.0,1.968,0.186,2.589,1.501,1.083,2.0,1.501,1.0,1.001,578.5,764.4,1722.0,0.08,0.8,119.2,268.6
Wind Load - 135,,,,,,,,,,,,,,,,,,,,
Name_Enc_Out,At,Af,Ac,Acsup,As,Indice_Cheios,cf0f,cf0c,cf0csup,cfs0,cfs,c0_Vento_For,CsCd,Pressao_troco_medio,FmW,FTW,L_lin_equiv,Ka,FmW_lin,FTW_lin
Shaft 4,5.933,0.0,1.485,0.0,1.485,0.25,2.382,1.408,1.086,1.0,1.408,1.0,1.001,1003.2,938.0,2330.6,0.08,0.8,206.7,513.7
Shaft 3,6.833,0.0,1.515,0.0,1.515,0.222,2.471,1.447,1.084,1.0,1.447,1.0,1.001,922.9,904.3,2149.0,0.08,0.8,190.2,451.9
Shaft 2,8.633,0.0,1.587,0.0,1.587,0.184,2.597,1.505,1.083,2.0,1.505,1.0,1.001,806.4,861.1,1979.7,0.08,0.8,166.2,382.1
Shaft 1,10.586,0.0,1.968,0.0,1.968,0.186,2.589,1.501,1.083,2.0,1.501,1.0,1.001,578.5,764.4,1722.0,0.08,0.8,119.2,268.6
Wind Load - 150,,,,,,,,,,,,,,,,,,,,
Name_Enc_Out,At,Af,Ac,Acsup,As,Indice_Cheios,cf0f,cf0c,cf0csup,cfs0,cfs,c0_Vento_For,CsCd,Pressao_troco_medio,FmW,FTW,L_lin_equiv,Ka,FmW_lin,FTW_lin
Shaft 4,5.933,0.0,1.485,0.0,1.485,0.25,2.382,1.408,1.086,1.0,1.408,1.0,1.001,1003.2,938.0,2330.6,0.08,0.8,206.7,513.7
Shaft 3,6.833,0.0,1.515,0.0,1.515,0.222,2.471,1.447,1.084,1.0,1.447,1.0,1.001,922.9,904.3,2149.0,0.08,0.8,190.2,451.9
Shaft 2,8.633,0.0,1.587,0.0,1.587,0.184,2.597,1.505,1.083,2.0,1.505,1.0,1.001,806.4,861.1,1979.7,0.08,0.8,166.2,382.1
Shaft 1,10.586,0.0,1.968,0.0,1.968,0.186,2.589,1.501,1.083,2.0,1.501,1.0,1.001,578.5,764.4,1722.0,0.08,0.8,119.2,268.6
Wind Load - 165,,,,,,,,,,,,,,,,,,,,
Name_Enc_Out,At,Af,Ac,Acsup,As,Indice_Cheios,cf0f,cf0c,cf0csup,cfs0,cfs,c0_Vento_For,CsCd,Pressao_troco_medio,FmW,FTW,L_lin_equiv,Ka,FmW_lin,FTW_lin
Shaft 4,5.933,0.0,1.485,0.0,1.485,0.25,2.382,1.408,1.086,1.0,1.408,1.0,1.001,1003.2,938.0,2330.6,0.08,0.8,206.7,513.7
Shaft 3,6.833,0.0,1.515,0.0,1.515,0.222,2.471,1.447,1.084,1.0,1.447,1.0,1.001,922.9,904.3,2149.0,0.08,0.8,190.2,451.9
Shaft 2,8.633,0.0,1.587,0.0,1.587,0.184,2.597,1.505,1.083,2.0,1.505,1.0,1.001,806.4,861.1,1979.7,0.08,0.8,166.2,382.1
Shaft 1,10.586,0.0,1.968,0.0,1.968,0.186,2.589,1.501,1.083,2.0,1.501,1.0,1.001,578.5,764.4,1722.0,0.08,0.8,119.2,268.6
Wind Load - 180,,,,,,,,,,,,,,,,,,,,
Name_Enc_Out,At,Af,Ac,Acsup,As,Indice_Cheios,cf0f,cf0c,cf0csup,cfs0,cfs,c0_Vento_For,CsCd,Pressao_troco_medio,FmW,FTW,L_lin_equiv,Ka,FmW_lin,FTW_lin
Shaft 4,5.933,0.0,1.485,0.0,1.485,0.25,2.382,1.408,1.086,1.0,1.408,1.0,1.001,1003.2,938.0,2330.6,0.08,0.8,206.7,513.7
Shaft 3,6.833,0.0,1.515,0.0,1.515,0.222,2.471,1.447,1.084,1.0,1.447,1.0,1.001,922.9,904.3,2149.0,0.08,0.8,190.2,451.9
Shaft 2,8.633,0.0,1.587,0.0,1.587,0.184,2.597,1.505,1.083,2.0,1.505,1.0,1.001,806.4,861.1,1979.7,0.08,0.8,166.2,382.1
Shaft 1,10.586,0.0,1.968,0.0,1.968,0.186,2.589,1.501,1.083,2.0,1.501,1.0,1.001,578.5,764.4,1722.0,0.08,0.8,119.2,268.6
Wind Load - 195,,,,,,,,,,,,,,,,,,,,
Name_Enc_Out,At,Af,Ac,Acsup,As,Indice_Cheios,cf0f,cf0c,cf0csup,cfs0,cfs,c0_Vento_For,CsCd,Pressao_troco_medio,FmW,FTW,L_lin_equiv,Ka,FmW_lin,FTW_lin
Shaft 4,5.933,0.0,1.485,0.0,1.485,0.25,2.382,1.408,1.086,1.0,1.408,1.0,1.001,1003.2,938.0,2330.6,0.08,0.8,206.7,513.7
Shaft 3,6.833,0.0,1.515,0.0,1.515,0.222,2.471,1.447,1.084,1.0,1.447,1.0,1.001,922.9,904.3,2149.0,0.08,0.8,190.2,451.9
Shaft 2,8.633,0.0,1.587,0.0,1.587,0.184,2.597,1.505,1.083,2.0,1.505,1.0,1.001,806.4,861.1,1979.7,0.08,0.8,166.2,382.1
Shaft 1,10.586,0.0,1.968,0.0,1.968,0.186,2.589,1.501,1.083,2.0,1.501,1.0,1.001,578.5,764.4,1722.0,0.08,0.8,119.2,268.6
Wind Load - 210,,,,,,,,,,,,,,,,,,,,
Name_Enc_Out,At,Af,Ac,Acsup,As,Indice_Cheios,cf0f,cf0c,cf0csup,cfs0,cfs,c0_Vento_For,CsCd,Pressao_troco_medio,FmW,FTW,L_lin_equiv,Ka,FmW_lin,FTW_lin
Shaft 4,5.933,0.0,1.485,0.0,1.485,0.25,2.382,1.408,1.086,1.0,1.408,1.0,1.001,1003.2,938.0,2330.6,0.08,0.8,206.7,513.7
Shaft 3,6.833,0.0,1.515,0.0,1.515,0.222,2.471,1.447,1.084,1.0,1.447,1.0,1.001,922.9,904.3,2149.0,0.08,0.8,190.2,451.9
Shaft 2,8.633,0.0,1.587,0.0,1.587,0.184,2.597,1.505,1.083,2.0,1.505,1.0,1.001,806.4,861.1,1979.7,0.08,0.8,166.2,382.1
Shaft 1,10.586,0.0,1.968,0.0,1.968,0.186,2.589,1.501,1.083,2.0,1.501,1.0,1.001,578.5,764.4,1722.0,0.08,0.8,119.2,268.6
Wind Load - 225,,,,,,,,,,,,,,,,,,,,
Name_Enc_Out,At,Af,Ac,Acsup,As,Indice_Cheios,cf0f,cf0c,cf0csup,cfs0,cfs,c0_Vento_For,CsCd,Pressao_troco_medio,FmW,FTW,L_lin_equiv,Ka,FmW_lin,FTW_lin
Shaft 4,5.933,0.0,1.485,0.0,1.485,0.25,2.382,1.408,1.086,1.0,1.408,1.0,1.001,1003.2,938.0,2330.6,0.08,0.8,206.7,513.7
Shaft 3,6.833,0.0,1.515,0.0,1.515,0.222,2.471,1.447,1.084,1.0,1.447,1.0,1.001,922.9,904.3,2149.0,0.08,0.8,190.2,451.9
Shaft 2,8.633,0.0,1.587,0.0,1.587,0.184,2.597,1.505,1.083,2.0,1.505,1.0,1.001,806.4,861.1,1979.7,0.08,0.8,166.2,382.1
Shaft 1,10.586,0.0,1.968,0.0,1.968,0.186,2.589,1.501,1.083,2.0,1.501,1.0,1.001,578.5,764.4,1722.0,0.08,0.8,119.2,268.6
Wind Load - 240,,,,,,,,,,,,,,,,,,,,
Name_Enc_Out,At,Af,Ac,Acsup,As,Indice_Cheios,cf0f,cf0c,cf0csup,cfs0,cfs,c0_Vento_For,CsCd,Pressao_troco_medio,FmW,FTW,L_lin_equiv,Ka,FmW_lin,FTW_lin
Shaft 4,5.933,0.0,1.485,0.0,1.485,0.25,2.382,1.408,1.086,1.0,1.408,1.0,1.001,1003.2,938.0,2330.6,0.08,0.8,206.7,513.7
Shaft 3,6.833,0.0,1.515,0.0,1.515,0.222,2.471,1.447,1.084,1.0,1.447,1.0,1.001,922.9,904.3,2149.0,0.08,0.8,190.2,451.9
Shaft 2,8.633,0.0,1.587,0.0,1.587,0.184,2.597,1.505,1.083,2.0,1.505,1.0,1.001,806.4,861.1,1979.7,0.08,0.8,166.2,382.1
Shaft 1,10.586,0.0,1.968,0.0,1.968,0.186,2.589,1.501,1.083,2.0,1.501,1.0,1.001,578.5,764.4,1722.0,0.08,0.8,119.2,268.6
Wind Load - 255,,,,,,,,,,,,,,,,,,,,
Name_Enc_Out,At,Af,Ac,Acsup,As,Indice_Cheios,cf0f,cf0c,cf0csup,cfs0,cfs,c0_Vento_For,CsCd,Pressao_troco_medio,FmW,FTW,L_lin_equiv,Ka,FmW_lin,FTW_lin
Shaft 4,5.933,0.0,1.485,0.0,1.485,0.25,2.382,1.408,1.086,1.0,1.408,1.0,1.001,1003.2,938.0,2330.6,0.08,0.8,206.7,513.7
Shaft 3,6.833,0.0,1.515,0.0,1.515,0.222,2.471,1.447,1.084,1.0,1.447,1.0,1.001,922.9,904.3,2149.0,0.08,0.8,190.2,451.9
Shaft 2,8.633,0.0,1.587,0.0,1.587,0.184,2.597,1.505,1.083,2.0,1.505,1.0,1.001,806.4,861.1,1979.7,0.08,0.8,166.2,382.1
Shaft 1,10.586,0.0,1.968,0.0,1.968,0.186,2.589,1.501,1.083,2.0,1.501,1.0,1.001,578.5,764.4,1722.0,0.08,0.8,119.2,268.6
Wind Load - 270,,,,,,,,,,,,,,,,,,,,
Name_Enc_Out,At,Af,Ac,Acsup,As,Indice_Cheios,cf0f,cf0c,cf0csup,cfs0,cfs,c0_Vento_For,CsCd,Pressao_troco_medio,FmW,FTW,L_lin_equiv,Ka,FmW_lin,FTW_lin
Shaft 4,5.933,0.0,1.485,0.0,1.485,0.25,2.382,1.408,1.086,1.0,1.408,1.0,1.001,1003.2,938.0,2330.6,0.08,0.8,206.7,513.7
Shaft 3,6.833,0.0,1.515,0.0,1.515,0.222,2.471,1.447,1.084,1.0,1.447,1.0,1.001,922.9,904.3,2149.0,0.08,0.8,190.2,451.9
Shaft 2,8.633,0.0,1.587,0.0,1.587,0.184,2.597,1.505,1.083,2.0,1.505,1.0,1.001,806.4,861.1,1979.7,0.08,0.8,166.2,382.1
Shaft 1,10.586,0.0,1.968,0.0,1.968,0.186,2.589,1.501,1.083,2.0,1.501,1.0,1.001,578.5,764.4,1722.0,0.08,0.8,119.2,268.6
Wind Load - 285,,,,,,,,,,,,,,,,,,,,
Name_Enc_Out,At,Af,Ac,Acsup,As,Indice_Cheios,cf0f,cf0c,cf0csup,cfs0,cfs,c0_Vento_For,CsCd,Pressao_troco_medio,FmW,FTW,L_lin_equiv,Ka,FmW_lin,FTW_lin
Shaft 4,5.933,0.0,1.485,0.0,1.485,0.25,2.382,1.408,1.086,1.0,1.408,1.0,1.001,1003.2,938.0,2330.6,0.08,0.8,206.7,513.7
Shaft 3,6.833,0.0,1.515,0.0,1.515,0.222,2.471,1.447,1.084,1.0,1.447,1.0,1.001,922.9,904.3,2149.0,0.08,0.8,190.2,451.9
Shaft 2,8.633,0.0,1.587,0.0,1.587,0.184,2.597,1.505,1.083,2.0,1.505,1.0,1.001,806.4,861.1,1979.7,0.08,0.8,166.2,382.1
Shaft 1,10.586,0.0,1.968,0.0,1.968,0.186,2.589,1.501,1.083,2.0,1.501,1.0,1.001,578.5,764.4,1722.0,0.08,0.8,119.2,268.6
Wind Load - 300,,,,,,,,,,,,,,,,,,,,
Name_Enc_Out,At,Af,Ac,Acsup,As,Indice_Cheios,cf0f,cf0c,cf0csup,cfs0,cfs,c0_Vento_For,CsCd,Pressao_troco_medio,FmW,FTW,L_lin_equiv,Ka,FmW_lin,FTW_lin
Shaft 4,5.933,0.0,1.485,0.0,1.485,0.25,2.382,1.408,1.086,1.0,1.408,1.0,1.001,1003.2,938.0,2330.6,0.08,0.8,206.7,513.7
Shaft 3,6.833,0.0,1.515,0.0,1.515,0.222,2.471,1.447,1.084,1.0,1.447,1.0,1.001,922.9,904.3,2149.0,0.08,0.8,190.2,451.9
Shaft 2,8.633,0.0,1.587,0.0,1.587,0.184,2.597,1.505,1.083,2.0,1.505,1.0,1.001,806.4,861.1,1979.7,0.08,0.8,166.2,382.1
Shaft 1,10.586,0.0,1.968,0.0,1.968,0.186,2.589,1.501,1.083,2.0,1.501,1.0,1.001,578.5,764.4,1722.0,0.08,0.8,119.2,268.6
Wind Load - 315,,,,,,,,,,,,,,,,,,,,
Name_Enc_Out,At,Af,Ac,Acsup,As,Indice_Cheios,cf0f,cf0c,cf0csup,cfs0,cfs,c0_Vento_For,CsCd,Pressao_troco_medio,FmW,FTW,L_lin_equiv,Ka,FmW_lin,FTW_lin
Shaft 4,5.933,0.0,1.485,0.0,1.485,0.25,2.382,1.408,1.086,1.0,1.408,1.0,1.001,1003.2,938.0,2330.6,0.08,0.8,206.7,513.7
Shaft 3,6.833,0.0,1.515,0.0,1.515,0.222,2.471,1.447,1.084,1.0,1.447,1.0,1.001,922.9,904.3,2149.0,0.08,0.8,190.2,451.9
Shaft 2,8.633,0.0,1.587,0.0,1.587,0.184,2.597,1.505,1.083,2.0,1.505,1.0,1.001,806.4,861.1,1979.7,0.08,0.8,166.2,382.1
Shaft 1,10.586,0.0,1.968,0.0,1.968,0.186,2.589,1.501,1.083,2.0,1.501,1.0,1.001,578.5,764.4,1722.0,0.08,0.8,119.2,268.6
Wind Load - 330,,,,,,,,,,,,,,,,,,,,
Name_Enc_Out,At,Af,Ac,Acsup,As,Indice_Cheios,cf0f,cf0c,cf0csup,cfs0,cfs,c0_Vento_For,CsCd,Pressao_troco_medio,FmW,FTW,L_lin_equiv,Ka,FmW_lin,FTW_lin
Shaft 4,5.933,0.0,1.485,0.0,1.485,0.25,2.382,1.408,1.086,1.0,1.408,1.0,1.001,1003.2,938.0,2330.6,0.08,0.8,206.7,513.7
Shaft 3,6.833,0.0,1.515,0.0,1.515,0.222,2.471,1.447,1.084,1.0,1.447,1.0,1.001,922.9,904.3,2149.0,0.08,0.8,190.2,451.9
Shaft 2,8.633,0.0,1.587,0.0,1.587,0.184,2.597,1.505,1.083,2.0,1.505,1.0,1.001,806.4,861.1,1979.7,0.08,0.8,166.2,382.1
Shaft 1,10.586,0.0,1.968,0.0,1.968,0.186,2.589,1.501,1.083,2.0,1.501,1.0,1.001,578.5,764.4,1722.0,0.08,0.8,119.2,268.6
Wind Load - 345,,,,,,,,,,,,,,,,,,,,
Name_Enc_Out,At,Af,Ac,Acsup,As,Indice_Cheios,cf0f,cf0c,cf0csup,cfs0,cfs,c0_Vento_For,CsCd,Pressao_troco_medio,FmW,FTW,L_lin_equiv,Ka,FmW_lin,FTW_lin
Shaft 4,5.933,0.0,1.485,0.0,1.485,0.25,2.382,1.408,1.086,1.0,1.408,1.0,1.001,1003.2,938.0,2330.6,0.08,0.8,206.7,513.7
Shaft 3,6.833,0.0,1.515,0.0,1.515,0.222,2.471,1.447,1.084,1.0,1.447,1.0,1.001,922.9,904.3,2149.0,0.08,0.8,190.2,451.9
Shaft 2,8.633,0.0,1.587,0.0,1.587,0.184,2.597,1.505,1.083,2.0,1.505,1.0,1.001,806.4,861.1,1979.7,0.08,0.8,166.2,382.1
Shaft 1,10.586,0.0,1.968,0.0,1.968,0.186,2.589,1.501,1.083,2.0,1.501,1.0,1.001,578.5,764.4,1722.0,0.08,0.8,119.2,268.6

Wind Load - 0,Wind Load - 15,Wind Load - 30,Wind Load - 45,Wind Load - 60,Wind Load - 75,Wind Load - 90,Wind Load - 105,Wind Load - 120,Wind Load - 135,Wind Load - 150,Wind Load - 165,Wind Load - 180,Wind Load - 195,Wind Load - 210,Wind Load - 225,Wind Load - 240,Wind Load - 255,Wind Load - 270,Wind Load - 285,Wind Load - 300,Wind Load - 315,Wind Load - 330,Wind Load - 345
0.26,0.26,0.26,0.26,0.26,0.26,0.26,0.26,0.26,0.26,0.26,0.26,0.26,0.26,0.26,0.26,0.26,0.26,0.26,0.26,0.26,0.26,0.26,0.26
2.34,2.34,2.34,2.34,2.34,2.34,2.34,2.34,2.34,2.34,2.34,2.34,2.34,2.34,2.34,2.34,2.34,2.34,2.34,2.34,2.34,2.34,2.34,2.34
1.43,1.43,1.43,1.43,1.43,1.43,1.43,1.43,1.43,1.43,1.43,1.43,1.43,1.43,1.43,1.43,1.43,1.43,1.43,1.43,1.43,1.43,1.43,1.43
0.26,0.26,0.26,0.26,0.26,0.26,0.26,0.26,0.26,0.26,0.26,0.26,0.26,0.26,0.26,0.26,0.26,0.26,0.26,0.26,0.26,0.26,0.26,0.26
0.26,0.26,0.26,0.26,0.26,0.26,0.26,0.26,0.26,0.26,0.26,0.26,0.26,0.26,0.26,0.26,0.26,0.26,0.26,0.26,0.26,0.26,0.26,0.26
2.55,2.55,2.55,2.55,2.55,2.55,2.55,2.55,2.55,2.55,2.55,2.55,2.55,2.55,2.55,2.55,2.55,2.55,2.55,2.55,2.55,2.55,2.55,2.55
0.34,0.34,0.34,0.34,0.34,0.34,0.34,0.34,0.34,0.34,0.34,0.34,0.34,0.34,0.34,0.34,0.34,0.34,0.34,0.34,0.34,0.34,0.34,0.34
0.34,0.34,0.34,0.34,0.34,0.34,0.34,0.34,0.34,0.34,0.34,0.34,0.34,0.34,0.34,0.34,0.34,0.34,0.34,0.34,0.34,0.34,0.34,0.34
0.4,0.4,0.4,0.4,0.4,0.4,0.4,0.4,0.4,0.4,0.4,0.4,0.4,0.4,0.4,0.4,0.4,0.4,0.4,0.4,0.4,0.4,0.4,0.4
0.29,0.29,0.29,0.29,0.29,0.29,0.29,0.29,0.29,0.29,0.29,0.29,0.29,0.29,0.29,0.29,0.29,0.29,0.29,0.29,0.29,0.29,0.29,0.29
0.27,0.27,0.27,0.27,0.27,0.27,0.27,0.27,0.27,0.27,0.27,0.27,0.27,0.27,0.27,0.27,0.27,0.27,0.27,0.27,0.27,0.27,0.27,0.27
0.05,0.05,0.05,0.05,0.05,0.05,0.05,0.05,0.05,0.05,0.05,0.05,0.05,0.05,0.05,0.05,0.05,0.05,0.05,0.05,0.05,0.05,0.05,0.05
0.05,0.05,0.05,0.05,0.05,0.05,0.05,0.05,0.05,0.05,0.05,0.05,0.05,0.05,0.05,0.05,0.05,0.05,0.05,0.05,0.05,0.05,0.05,0.05



Member,Profile,Buckling Lenght,Steel,Ratio Class,Lim Class,Section Class,Lambda 1,Lambda Lim,Lambda Check,Slenderness,k,alpha,Phi,Chi,Aeff,Red,Eta,NcRd,NbRd,Ned,Ratio
Leg - Shaft 4,Ø 88.9x5.0,1500.0,S235,17.78,90.0,3,93.913,120,0.0,50.5,1.0,0.49,0.727,0.822,1317.898,1.0,1.0,309.7,254.5,56.5,0.222
Leg - Shaft 3,Ø 88.9x6.3,1500.625,S235,14.111,90.0,3,93.913,120,0.0,51.2,1.0,0.49,0.733,0.817,1634.822,1.0,1.0,384.2,313.9,163.8,0.522
Leg - Shaft 2,Ø 88.9x6.3,1500.625,S235,14.111,90.0,3,93.913,120,0.0,51.2,1.0,0.49,0.733,0.817,1634.822,1.0,1.0,384.2,313.9,248.0,0.79
Leg - Shaft 1,Ø 114.3x6.3,1500.625,S235,18.143,90.0,3,93.913,120,0.0,39.2,1.0,0.49,0.641,0.888,2137.54,1.0,1.0,502.3,446.0,319.4,0.716
Diagonal Bar - Shaft 4,Ø 42.4x3.8,1749.286,S235,11.158,90.0,3,93.913,180,0.0,89.3,0.7,0.49,1.136,0.569,460.809,1.0,1.0,108.3,61.6,20.3,0.33
Diagonal Bar - Shaft 3,Ø 42.4x3.8,1769.004,S235,11.158,90.0,3,93.913,180,0.0,90.3,0.7,0.49,1.149,0.563,460.809,1.0,1.0,108.3,60.9,19.2,0.315
Diagonal Bar - Shaft 2,Ø 42.4x3.8,2095.084,S235,11.158,90.0,3,93.913,180,0.0,106.9,0.7,0.49,1.378,0.464,460.809,1.0,1.0,108.3,50.2,15.1,0.3
Diagonal Bar - Shaft 1,Ø 42.4x3.8,2314.492,S235,11.158,90.0,3,93.913,180,0.0,118.1,0.7,0.49,1.551,0.407,460.809,1.0,1.0,108.3,44.1,15.1,0.344
Horizontal Bar - Shaft 4,Ø 33.7x3.8,900.0,S235,8.868,90.0,3,93.913,180,0.0,59.1,0.7,0.49,0.803,0.768,356.948,1.0,1.0,83.9,64.4,2.3,0.036
Horizontal Bar - Shaft 3,Ø 33.7x3.8,1125.0,S235,8.868,90.0,3,93.913,180,0.0,73.9,0.7,0.49,0.953,0.67,356.948,1.0,1.0,83.9,56.2,0.9,0.015
Horizontal Bar - Shaft 2,Ø 33.7x3.8,1425.0,S235,8.868,90.0,3,93.913,180,0.0,93.6,0.7,0.49,1.192,0.542,356.948,1.0,1.0,83.9,45.5,1.1,0.024
Horizontal Bar - Shaft 1,Ø 33.7x3.8,1650.0,S235,8.868,90.0,3,93.913,180,0.0,108.4,0.7,0.49,1.4,0.456,356.948,1.0,1.0,83.9,38.3,1.4,0.037

Member,Plate thickness [mm],e1 [mm],e2 [mm],p1 [mm],p2 [mm],Steel Plate,Number of bolts,Bolts Size,Bolts steel,d_bolt [mm],d_0 [mm],As_bolt [mm²],A_bolt [mm²],FvRd [kN],Ratio bolt-lig,αd_end,αd_inner,k1_edge,k1_inner,αb_end,αb_inner,FbRd_Edge_Inner [kN],FbRd_Edge_End [kN],FbRd [kN],Anv_block [mm²],Ant_block [mm²],Veff1Rd [kN],Veff2Rd [kN],βCant,NuRd [kN],Fele [kN],FLig_Rd [kN],Ratio
Diagonal Bar - Shaft 4,0.0,0.0,0.0,0.0,0.0,S0,0,0,0,0.0,0.0,0.0,0.0,0.0,0.0,0.0,0.0,0.0,0.0,0.0,0.0,0.0,0.0,0.0,0.0,0.0,0.0,0.0,0.0,0.0,20.3,0.0,0.0
Diagonal Bar - Shaft 3,0.0,0.0,0.0,0.0,0.0,S0,0,0,0,0.0,0.0,0.0,0.0,0.0,0.0,0.0,0.0,0.0,0.0,0.0,0.0,0.0,0.0,0.0,0.0,0.0,0.0,0.0,0.0,0.0,16.9,0.0,0.0
Diagonal Bar - Shaft 2,0.0,0.0,0.0,0.0,0.0,S0,0,0,0,0.0,0.0,0.0,0.0,0.0,0.0,0.0,0.0,0.0,0.0,0.0,0.0,0.0,0.0,0.0,0.0,0.0,0.0,0.0,0.0,0.0,15.1,0.0,0.0
Diagonal Bar - Shaft 1,0.0,0.0,0.0,0.0,0.0,S0,0,0,0,0.0,0.0,0.0,0.0,0.0,0.0,0.0,0.0,0.0,0.0,0.0,0.0,0.0,0.0,0.0,0.0,0.0,0.0,0.0,0.0,0.0,15.1,0.0,0.0
Horizontal Bar - Shaft 4,0.0,0.0,0.0,0.0,0.0,S0,0,0,0,0.0,0.0,0.0,0.0,0.0,0.0,0.0,0.0,0.0,0.0,0.0,0.0,0.0,0.0,0.0,0.0,0.0,0.0,0.0,0.0,0.0,0.6,0.0,0.0
Horizontal Bar - Shaft 3,0.0,0.0,0.0,0.0,0.0,S0,0,0,0,0.0,0.0,0.0,0.0,0.0,0.0,0.0,0.0,0.0,0.0,0.0,0.0,0.0,0.0,0.0,0.0,0.0,0.0,0.0,0.0,0.0,0.8,0.0,0.0
Horizontal Bar - Shaft 2,0.0,0.0,0.0,0.0,0.0,S0,0,0,0,0.0,0.0,0.0,0.0,0.0,0.0,0.0,0.0,0.0,0.0,0.0,0.0,0.0,0.0,0.0,0.0,0.0,0.0,0.0,0.0,0.0,1.1,0.0,0.0
Horizontal Bar - Shaft 1,0.0,0.0,0.0,0.0,0.0,S0,0,0,0,0.0,0.0,0.0,0.0,0.0,0.0,0.0,0.0,0.0,0.0,0.0,0.0,0.0,0.0,0.0,0.0,0.0,0.0,0.0,0.0,0.0,1.5,0.0,0.0

Member,Plate thickness [mm],e1 [mm],e2 [mm],p1 [mm],p2 [mm],Number of plates,Steel Plate,Number of bolts,Bolts Size,Bolts steel,d_bolt [mm],d_0 [mm],As_bolt [mm²],A_bolt [mm²],FvRd [kN],Ratio bolt-lig,αd_end,αd_inner,k1_edge,k1_inner,αb_end,αb_inner,FbRd_Edge_Inner [kN],FbRd_Edge_End [kN],FbRd [kN],Anv_block [mm²],Ant_block [mm²],Veff1Rd [kN],Veff2Rd [kN],βCant,NuRd [kN],Fele [kN],FLig_Rd [kN],Ratio

Member,Flange Diameter,Flange thickness,Flange Steel,Bolts Inscription,Number of bolts,Bolts Diameter,Bolts steel,Ned,Nrd,Ratio,As_bolt,A_bolt,Lb,leff,alpha_r,epsilon,n,aws,m,Rb,R,elinha,FtRd,k1,mplRd,Re,k3,Bride,NT1Rd,NT2Rd,NT3Rd,NT4Rd,N_Bolt_F,Bolt_F,Bolt_Steel_F,NTRd,F_Ele_F,Ratio_F,Check
Leg - Shaft 4,0.0,0.0,0,0,0.0,0.0,0.0,0.0,0.0,0.0,0.0,0.0,0.0,0.0,0.0,0.0,0.0,0.0,0.0,0.0,0.0,0.0,0.0,0.0,0.0,0.0,0.0,0.0,0.0,0.0,0.0,0.0,0.0,0,0,0.0,0.0,0.0,NA
Leg - Shaft 3,210.0,20.0,S235,4,160.0,25.1,38.0,5.72,16.0,18.0,157.0,201.1,52.8,263.6,0.308,0.025,0.025,3.5,0.0315,79.9,42.0,20.3,90.4,0.644,23500.0,105.0,0.918,Creuse,376.8,255.5,361.7,309.7,4.0,M16,8.8,255.5,77.4,0.303,OK
Leg - Shaft 2,210.0,20.0,S235,6,160.0,25.0,38.7,6.079,20.0,22.0,245.0,314.2,56.0,259.5,0.489,0.025,0.025,4.4,0.0306,80.0,41.3,20.5,141.1,0.661,23500.0,105.0,0.934,Creuse,371.0,394.7,846.7,384.2,6.0,M20,8.8,371.0,173.7,0.468,OK
Leg - Shaft 1,29.0,25.0,S235,4,1030.0,-500.4,473.5,0.0,0.0,0.0,0.0,0.0,0.0,0.0,0.0,0.0,0.0,0.0,0.0,0.0,0.0,0.0,0.0,0.0,0.0,0.0,0.0,0.0,0.0,0.0,0.0,0.0,4.0,M20,8.8,0.0,249.7,0.0,NA
